,rss,intercept,coef_x_1,coef_x_2,coef_x_3,coef_x_4,coef_x_5,coef_x_6,coef_x_7,coef_x_8,coef_x_9
model_pow_1,,,,,,,,,,,
model_pow_2,4.564389959050847,1.0179684531164743,-0.05338141506526206,-0.0799020416336409,,,,,,,
model_pow_3,1.2285244926041807,-0.36916770239059327,2.145362010120948,-0.9887172294163307,0.1072895702582608,,,,,,
model_pow_4,1.1797005074450782,0.47659720205037726,0.3556630328715755,0.18055046245757467,-0.18911975693407612,0.02552894236387626,,,,,
model_pow_5,1.1352906688127073,0.4188099948648776,0.3683088153215408,0.2966696558695503,-0.2813792108072448,0.04959521120863997,-0.0020548047460975383,,,,
model_pow_6,1.1582571679934597,0.6279016559087851,0.10636734067514908,0.13396047202354566,0.04890160997183557,-0.1073535416849154,0.028303849065096642,-0.0021046886668756315,,,
model_pow_7,1.3225912824030412,0.8120430608094238,0.012798316141893196,0.021723031902343592,0.021274927188017045,0.0030452730950685236,-0.023472785313856548,0.0072535431733076194,-0.0005998929951070986,,
model_pow_8,1.1612415434226584,0.7092998888213615,0.04012200353128037,0.06270268848749083,0.05542876898539362,0.0020505289087395795,-0.05886469308438791,0.025958777429423208,-0.004164564729848053,0.0002357565420432195,
model_pow_9,1.1854652149966243,0.7874851830631244,0.009309327902343512,0.01711048598508569,0.021607423763327915,0.01698197183216621,-0.00263964237763048,-0.02235912511036986,0.01150858926644105,-0.0020688394896026807,0.00012857220599871155
