,rss,intercept,coef_x_1,coef_x_2,coef_x_3,coef_x_4,coef_x_5,coef_x_6,coef_x_7,coef_x_8,coef_x_9
model_pow_1,,,,,,,,,,,
model_pow_2,4.53553210583207,1.1043749047081173,-0.1250337571423664,-0.06811661676596786,,,,,,,
model_pow_3,1.2273580513237567,-0.4011253829264798,2.1911706605947825,-1.006284024547167,0.10925413199713747,,,,,,
model_pow_4,1.129770244039189,0.07517800698295399,1.1511502753571528,-0.3096306579881261,-0.07066169408614249,0.015714051070399013,,,,,
model_pow_5,1.1190356576700349,0.3691994156828762,0.3208213511235398,0.48264491358936557,-0.4022260360903516,0.07841625158471285,-0.004381184702016091,,,,
model_pow_6,1.1151571908851567,0.03799663025889413,1.4661141013314343,-0.947836806359954,0.44410553017109755,-0.17737665522731585,0.033742872280322536,-0.0022198654095573977,,,
model_pow_7,1.0306659755337468,-2.873769099998769,13.3652243643182,-19.38358241354814,14.70625856515268,-6.226004465038105,1.4605063431359853,-0.17762325965680215,0.008754245821107492,,
model_pow_8,1.0299886339863382,-2.380564218501904,11.041742444509001,-15.07950844265784,10.567680001051162,-3.939069741699658,0.7082191384490584,-0.032307762324182636,-0.006444870476870695,0.000663753975765006,
model_pow_9,1.027959848336364,-0.7591080664712009,2.3962277196575643,3.566722239970253,-10.940233150033134,10.816139977182361,-5.592482479830318,1.65647053196087,-0.2824450107496018,0.02578060007888779,-0.0009749927346762219
