,rss,intercept,coef_x_1,coef_x_2,coef_x_3,coef_x_4,coef_x_5,coef_x_6,coef_x_7,coef_x_8,coef_x_9
model_pow_1,,,,,,,,,,,
model_pow_2,4.535532105832071,1.1043749047081168,-0.12503375714236623,-0.06811661676596788,,,,,,,
model_pow_3,1.2273580513237572,-0.4011253829265047,2.1911706605948025,-1.0062840245471703,0.10925413199713752,,,,,,
model_pow_4,1.129770244039188,0.07517800698297086,1.1511502753571226,-0.3096306579881104,-0.07066169408614617,0.01571405107039936,,,,,
model_pow_5,1.1190356576700393,0.3691994156831746,0.3208213511227835,0.48264491358992473,-0.4022260360905489,0.0784162515847467,-0.004381184702018259,,,,
model_pow_6,1.1151571908851594,0.03799663025943503,1.4661141013259014,-0.9478368063545721,0.4441055301684332,-0.1773766552265656,0.03374287228021283,-0.0022198654095507697,,,
model_pow_7,1.030665975534525,-2.87376910000127,13.36522436432792,-19.38358241358473,14.706258565174432,-6.226004465042389,1.4605063431360468,-0.17762325965674686,0.0087542458211054,,
model_pow_8,1.0299886339864224,-2.380564220273642,11.041742445836935,-15.079508442129763,10.567680000028615,-3.939069741095771,0.7082191382495885,-0.03230776228558141,-0.006444870480916798,0.0006637539759406508,
model_pow_9,1.0279598483395707,-0.7591080644288737,2.3962277094401823,3.566722262661973,-10.940233176517287,10.816139995396522,-5.5924824875980175,1.6564705340369241,-0.28244501108768877,0.025780600109531426,-0.0009749927358608801
